region,charges
northeast,2355541.639629
northwest,2284575.81196
southeast,2192795.05234
southwest,2141148.96499
